{"cameraMode":{"drawMode":0,"name":"Shaded","section":"Shading Mode"},"sceneLighting":true,"audioPlay":false,"sceneViewState":{"showFog":true,"showMaterialUpdate":false,"showSkybox":true,"showFlares":true,"showImageEffects":true,"showParticleSystems":true,"showVisualEffectGraphs":true,"m_FxEnabled":true},"in2DMode":false,"pivot":{"x":1.0138168334960938,"y":5.121888637542725,"z":-15.879093170166016},"rotation":{"x":-0.03895715996623039,"y":0.040457289665937427,"z":0.0015813560457900167,"w":0.9984251260757446},"size":1.4845092296600342,"orthographic":false}