{"cameraMode":{"drawMode":0,"name":"Shaded","section":"Shading Mode"},"sceneLighting":true,"audioPlay":false,"sceneViewState":{"showFog":true,"showMaterialUpdate":false,"showSkybox":true,"showFlares":true,"showImageEffects":true,"showParticleSystems":true,"showVisualEffectGraphs":true,"m_FxEnabled":true},"in2DMode":false,"pivot":{"x":9.183658599853516,"y":4.023990154266357,"z":-3.5975091457366945},"rotation":{"x":0.07941585034132004,"y":0.005981197115033865,"z":-0.00047191709745675325,"w":0.9968287944793701},"size":5.049752235412598,"orthographic":false}