{"cameraMode":{"drawMode":0,"name":"Shaded","section":"Shading Mode"},"sceneLighting":true,"audioPlay":false,"sceneViewState":{"showFog":true,"showMaterialUpdate":false,"showSkybox":true,"showFlares":true,"showImageEffects":true,"showParticleSystems":true,"showVisualEffectGraphs":true,"m_FxEnabled":true},"in2DMode":false,"pivot":{"x":6.111098766326904,"y":3.6066908836364748,"z":-4.123541831970215},"rotation":{"x":0.09918216615915299,"y":-0.15016011893749238,"z":0.015146134421229363,"w":0.9835629463195801},"size":5.049752235412598,"orthographic":false}