{"cameraMode":{"drawMode":0,"name":"Shaded","section":"Shading Mode"},"sceneLighting":true,"audioPlay":false,"sceneViewState":{"showFog":true,"showMaterialUpdate":false,"showSkybox":true,"showFlares":true,"showImageEffects":true,"showParticleSystems":true,"showVisualEffectGraphs":true,"m_FxEnabled":true},"in2DMode":false,"pivot":{"x":0.5456721186637878,"y":4.438043594360352,"z":-15.903968811035157},"rotation":{"x":0.07636862248182297,"y":-0.03887702152132988,"z":0.002982604317367077,"w":0.9963219165802002},"size":1.4845092296600342,"orthographic":false}